iter	RMSE
0	73397.14192
1	71333.06165
2	69206.70872
3	67045.90339
4	65332.09455
5	63710.22839
6	62020.02408
7	60252.74686
8	58633.71126
9	57076.88059
10	55508.13563
11	54092.83962
12	52742.95329
13	51512.97783
14	50328.06718
15	49151.79151
16	48096.82642
17	46994.41795
18	45963.20028
